{"cameraMode":{"drawMode":0,"name":"Shaded","section":"Shading Mode"},"sceneLighting":true,"audioPlay":false,"sceneViewState":{"showFog":true,"showMaterialUpdate":false,"showSkybox":true,"showFlares":true,"showImageEffects":true,"showParticleSystems":true},"in2DMode":false,"pivot":{"x":0.5402317643165588,"y":7.506689548492432,"z":-13.835075378417969},"rotation":{"x":-0.19324636459350587,"y":-0.27624425292015078,"z":0.056805748492479327,"w":-0.9397462606430054},"size":229.07289123535157,"orthographic":false}