{"cameraMode":{"drawMode":0,"name":"Shaded","section":"Shading Mode"},"sceneLighting":true,"audioPlay":false,"sceneViewState":{"showFog":true,"showMaterialUpdate":false,"showSkybox":true,"showFlares":true,"showImageEffects":true,"showParticleSystems":true},"in2DMode":false,"pivot":{"x":-11.446247100830079,"y":25.6501522064209,"z":-6.343719005584717},"rotation":{"x":-0.19324636459350587,"y":-0.27624425292015078,"z":0.056805748492479327,"w":-0.9397462606430054},"size":87.10527801513672,"orthographic":false}