{"cameraMode":{"drawMode":0,"name":"Shaded","section":"Shading Mode"},"sceneLighting":true,"audioPlay":false,"sceneViewState":{"showFog":true,"showMaterialUpdate":false,"showSkybox":true,"showFlares":true,"showImageEffects":true,"showParticleSystems":true},"in2DMode":false,"pivot":{"x":0.0,"y":6.128532409667969,"z":-9.156874656677246},"rotation":{"x":-0.02487275004386902,"y":0.2669413387775421,"z":-0.006884720642119646,"w":-0.9634101986885071},"size":3.3129501342773439,"orthographic":false}